{
  "svm": {
    "best_score": 0.8505154639175257,
    "best_params": {
      "lr": 0.001,
      "alpha": 0.05,
      "l1_ratio": 0.0,
      "n_iter": 1000,
      "tol": null
    },
    "theta": [
      -0.4096324197455309,
      -0.02617170087043014,
      -0.0020648178888241736,
      0.013463981547261639,
      0.0036927987132694554,
      -0.02372231158943361,
      -0.025929490233504694,
      -9.085874034635234e-05,
      -0.2004782865831384,
      -0.14197002647642923,
      -0.4083787783855227,
      -0.0012536413600078877,
      -0.060415780735335003,
      -0.036524140109414474,
      -0.04734923531702777,
      -0.03180023811511086,
      -0.026158886127768944,
      -0.013187001150364924,
      -0.029456054406248204,
      -0.024121698425628398,
      -0.005154127031909755,
      -0.017442557997694362,
      -0.013396778764996295,
      -0.0002918104408211056,
      -0.015896926863685306,
      -0.0067428248355360584,
      -0.014411051005688073,
      -0.010833496154983802,
      -0.011779851748197368,
      -0.007944009720349216,
      -0.003978576871075921,
      -0.007998715444399266,
      -0.024748658479295634,
      -0.06424974805379899,
      -0.016224418620599618,
      -0.01358599773113685,
      -0.017882642766852624,
      -0.017399856223847578,
      -0.007047465931685392,
      -0.011874898642377622,
      -0.018739579935538125,
      -0.015141004852958162,
      -0.01444210545912528,
      -0.001293048433562631,
      -0.010914152301646997,
      -0.010692315986851853,
      -0.014915963397344054,
      -0.003222970571753963,
      -0.009912883765414065,
      -0.005698536643078477,
      -0.012635172169678625,
      -0.009206087715770531,
      -0.0025216624188419768,
      -0.006848269626785941,
      -0.004398918680878807,
      0.0020879332032336818,
      -0.006055039035533064,
      -0.006956639938125188,
      3.879963425988707e-05,
      0.003790551650903587,
      -0.00809168881971975,
      -0.010084408365706045,
      -0.0042367333863876505,
      -0.12319893591069932
    ]
  },
  "logistic": {
    "best_score": 0.8505154639175257,
    "best_params": {
      "lr": 0.001,
      "alpha": 0.05,
      "l1_ratio": 0.0,
      "n_iter": 1000,
      "tol": null
    },
    "theta": [
      -0.31328106351596813,
      -0.08679180279902897,
      -0.06607839650611826,
      -0.009876175011321361,
      -0.010704178809480117,
      -0.03513788350881059,
      -0.027799573745537463,
      0.0005494551200409194,
      -0.1637510133876522,
      -0.1250574780171687,
      -0.3125968452629473,
      -0.0006842182530209211,
      -0.049646840822834534,
      -0.027393972203830455,
      -0.03634105496611624,
      -0.018842217729437474,
      -0.023781215927333614,
      -0.01016639169492659,
      -0.023436926929905916,
      -0.021781064402027747,
      -0.0045716755740180135,
      -0.011979791936614264,
      -0.009880452802451773,
      0.001395331162083439,
      -0.0118096560562076,
      -0.006555674907474245,
      -0.01043283807905115,
      -0.007082691273563745,
      -0.008804145014374563,
      -0.0072757105940166435,
      -0.002809779503379969,
      -0.007064362328928802,
      -0.015019931931558443,
      -0.07337540195476701,
      -0.008179885715466916,
      -0.0051964598872367845,
      -0.011873770924596667,
      -0.011360038447689513,
      -0.0036895679440552163,
      -0.0059856950933732615,
      -0.010365289870489973,
      -0.010773679788066207,
      -0.009636745144593888,
      0.0006284127750904026,
      -0.0073029130721065745,
      -0.006955855291148229,
      -0.009895397113828175,
      -0.0025689021212460857,
      -0.006260855153543937,
      -0.0031429200946991075,
      -0.006390158933346105,
      -0.007233905525665623,
      -0.00034776681044342066,
      -0.004504640629403441,
      -0.0022806126549922705,
      0.002729862565595022,
      -0.004119740815630538,
      -0.004430626997066578,
      0.001202970810649303,
      0.004334240040209892,
      -0.005452103579889589,
      -0.006366396361570103,
      -0.0024814040627898592,
      -0.11576188895509237
    ]
  },
  "exponential": {
    "best_score": 0.8608247422680413,
    "best_params": {
      "lr": 0.0015,
      "alpha": 3,
      "l1_ratio": 0.0,
      "n_iter": 1000,
      "tol": null
    },
    "theta": [
      -2.3056926946688973e+17,
      -3.504584624559464e+18,
      6.207661236819098e+16,
      -8.662378806019766e+17,
      2.2553599429326047e+18,
      1.227181618042309e+18,
      -8.021980151979976e+17,
      8.170033985836872e+17,
      -1.475757173404267e+19,
      -2.290734517527988e+19,
      -4.896783876419299e+17,
      2.5910911817503894e+17,
      -3.1886480185643873e+18,
      -1.6364793777837558e+18,
      -6.577908632444872e+17,
      5.743125599982647e+17,
      1.7876479935076795e+18,
      3.2279102735229624e+18,
      2.739900483989836e+17,
      2.3069419436900653e+17,
      3.8584522526121964e+18,
      -1.7426399802608435e+18,
      1.8430512298401925e+18,
      5.468442085836764e+18,
      -3.896089488782963e+18,
      -6.325849974793239e+17,
      -2.1758034507254505e+18,
      -3.0799844784934344e+18,
      -6.872490555494828e+17,
      2.6834039291132976e+17,
      4.867103921845763e+17,
      -3.811951782711749e+18,
      3.2591008009470377e+18,
      -3.204211270367099e+19,
      5.723192954714021e+18,
      6.123103803135116e+18,
      2.04191536964648e+18,
      3.3224656200840453e+18,
      -2.1419298861438858e+18,
      3.3628599992687683e+18,
      1.3279453079061348e+18,
      -2.659659197352266e+18,
      -2.448868051453716e+18,
      4.598371372201087e+18,
      2.402707005065493e+18,
      -9.855034339335462e+17,
      -2.1502527869824927e+18,
      -1.2538083196793355e+17,
      3.1079427080755215e+18,
      8.044911811298723e+17,
      -2.0590264503193864e+18,
      -2.335771008021221e+18,
      1.4470327134151826e+18,
      1.3376467447944476e+18,
      6.873916788137315e+16,
      6.313923374784728e+18,
      1.5340986600540346e+17,
      -1.5532190617989207e+18,
      3.78794683458338e+18,
      6.144130900272856e+18,
      -113819017166149.72,
      -1.9181195873437663e+18,
      1.2359299207052664e+18,
      -2.6932537611595856e+17
    ]
  },
  "square": {
    "best_score": 0.8505154639175257,
    "best_params": {
      "lr": 0.0003,
      "alpha": 0.05,
      "l1_ratio": 0.0,
      "n_iter": 1000,
      "tol": null
    },